SET experimental_hnsw_index = 1;
drop database if exists hnsw_cdc;
create database if not exists hnsw_cdc;
use hnsw_cdc;
create table t1(a bigint primary key, b vecf64(3),c int,key c_k(c));
create index idx01 using hnsw on t1(b) op_type "vector_l2_ops" M 20 EF_CONSTRUCTION 100 EF_SEARCH 100 ASYNC;
insert into t1 values (0, "[1,2,3]", 1);
UPDATE t1 set b = '[4,5,6]' where a = 0;
insert into t1 values (1, "[2,3,4]", 1);
DELETE FROM t1 WHERE a=1;
select sleep(15);
sleep(15)
0
select * from t1 order by  L2_DISTANCE(b,"[1,2,3]") ASC LIMIT 10;
a    b    c
0    [4, 5, 6]    1
select * from t1 order by  L2_DISTANCE(b,"[4,5,6]") ASC LIMIT 10;
a    b    c
0    [4, 5, 6]    1
select * from t1 order by  L2_DISTANCE(b,"[2,3,4]") ASC LIMIT 10;
a    b    c
0    [4, 5, 6]    1
drop table t1;
create table t2(a bigint primary key, b vecf64(128));
create index idx2 using hnsw on t2(b) op_type "vector_l2_ops" M 20 EF_CONSTRUCTION 100 EF_SEARCH 100 ASYNC;
load data infile {'filepath'='$resources/vector/sift128_base_10k.csv.gz', 'compression'='gzip'} into table t2 fields terminated by ':' parallel 'true';
select count(*) from t2;
count(*)
10000
select sleep(20);
sleep(20)
0
select * from t2 order by L2_DISTANCE(b, "[14, 2, 0, 0, 0, 2, 42, 55, 9, 1, 0, 0, 18, 100, 77, 32, 89, 1, 0, 0, 19, 85, 15, 68, 52, 4, 0, 0, 0, 0, 2, 28, 34, 13, 5, 12, 49, 40, 39, 37, 24, 2, 0, 0, 34, 83, 88, 28, 119, 20, 0, 0, 41, 39, 13, 62, 119, 16, 2, 0, 0, 0, 10, 42, 9, 46, 82, 79, 64, 19, 2, 5, 10, 35, 26, 53, 84, 32, 34, 9, 119, 119, 21, 3, 3, 11, 17, 14, 119, 25, 8, 5, 0, 0, 11, 22, 23, 17, 42, 49, 17, 12, 5, 5, 12, 78, 119, 90, 27, 0, 4, 2, 48, 92, 112, 85, 15, 0, 2, 7, 50, 36, 15, 11, 1, 0, 0, 7]") ASC LIMIT 1;
a    b
9999    [14, 2, 0, 0, 0, 2, 42, 55, 9, 1, 0, 0, 18, 100, 77, 32, 89, 1, 0, 0, 19, 85, 15, 68, 52, 4, 0, 0, 0, 0, 2, 28, 34, 13, 5, 12, 49, 40, 39, 37, 24, 2, 0, 0, 34, 83, 88, 28, 119, 20, 0, 0, 41, 39, 13, 62, 119, 16, 2, 0, 0, 0, 10, 42, 9, 46, 82, 79, 64, 19, 2, 5, 10, 35, 26, 53, 84, 32, 34, 9, 119, 119, 21, 3, 3, 11, 17, 14, 119, 25, 8, 5, 0, 0, 11, 22, 23, 17, 42, 49, 17, 12, 5, 5, 12, 78, 119, 90, 27, 0, 4, 2, 48, 92, 112, 85, 15, 0, 2, 7, 50, 36, 15, 11, 1, 0, 0, 7]
select * from t2 order by L2_DISTANCE(b, "[0, 16, 35, 5, 32, 31, 14, 10, 11, 78, 55, 10, 45, 83, 11, 6, 14, 57, 102, 75, 20, 8, 3, 5, 67, 17, 19, 26, 5, 0, 1, 22, 60, 26, 7, 1, 18, 22, 84, 53, 85, 119, 119, 4, 24, 18, 7, 7, 1, 81, 106, 102, 72, 30, 6, 0, 9, 1, 9, 119, 72, 1, 4, 33, 119, 29, 6, 1, 0, 1, 14, 52, 119, 30, 3, 0, 0, 55, 92, 111, 2, 5, 4, 9, 22, 89, 96, 14, 1, 0, 1, 82, 59, 16, 20, 5, 25, 14, 11, 4, 0, 0, 1, 26, 47, 23, 4, 0, 0, 4, 38, 83, 30, 14, 9, 4, 9, 17, 23, 41, 0, 0, 2, 8, 19, 25, 23, 1]") ASC LIMIT 1;
a    b
0    [0, 16, 35, 5, 32, 31, 14, 10, 11, 78, 55, 10, 45, 83, 11, 6, 14, 57, 102, 75, 20, 8, 3, 5, 67, 17, 19, 26, 5, 0, 1, 22, 60, 26, 7, 1, 18, 22, 84, 53, 85, 119, 119, 4, 24, 18, 7, 7, 1, 81, 106, 102, 72, 30, 6, 0, 9, 1, 9, 119, 72, 1, 4, 33, 119, 29, 6, 1, 0, 1, 14, 52, 119, 30, 3, 0, 0, 55, 92, 111, 2, 5, 4, 9, 22, 89, 96, 14, 1, 0, 1, 82, 59, 16, 20, 5, 25, 14, 11, 4, 0, 0, 1, 26, 47, 23, 4, 0, 0, 4, 38, 83, 30, 14, 9, 4, 9, 17, 23, 41, 0, 0, 2, 8, 19, 25, 23, 1]
drop table t2;
create table t3(a bigint primary key, b vecf64(128));
load data infile {'filepath'='$resources/vector/sift128_base_10k.csv.gz', 'compression'='gzip'} into table t3 fields terminated by ':' parallel 'true';
select count(*) from t3;
count(*)
10000
create index idx3 using hnsw on t3(b) op_type "vector_l2_ops" M 64 EF_CONSTRUCTION 128 EF_SEARCH 128 ASYNC;
select sleep(10);
sleep(10)
0
load data infile {'filepath'='$resources/vector/sift128_base_10k_2.csv.gz', 'compression'='gzip'} into table t3 fields terminated by ':' parallel 'true';
select count(*) from t3;
count(*)
20000
select sleep(20);
sleep(20)
0
select * from t3 order by L2_DISTANCE(b, "[14, 2, 0, 0, 0, 2, 42, 55, 9, 1, 0, 0, 18, 100, 77, 32, 89, 1, 0, 0, 19, 85, 15, 68, 52, 4, 0, 0, 0, 0, 2, 28, 34, 13, 5, 12, 49, 40, 39, 37, 24, 2, 0, 0, 34, 83, 88, 28, 119, 20, 0, 0, 41, 39, 13, 62, 119, 16, 2, 0, 0, 0, 10, 42, 9, 46, 82, 79, 64, 19, 2, 5, 10, 35, 26, 53, 84, 32, 34, 9, 119, 119, 21, 3, 3, 11, 17, 14, 119, 25, 8, 5, 0, 0, 11, 22, 23, 17, 42, 49, 17, 12, 5, 5, 12, 78, 119, 90, 27, 0, 4, 2, 48, 92, 112, 85, 15, 0, 2, 7, 50, 36, 15, 11, 1, 0, 0, 7]") ASC LIMIT 4;
a    b
9999    [14, 2, 0, 0, 0, 2, 42, 55, 9, 1, 0, 0, 18, 100, 77, 32, 89, 1, 0, 0, 19, 85, 15, 68, 52, 4, 0, 0, 0, 0, 2, 28, 34, 13, 5, 12, 49, 40, 39, 37, 24, 2, 0, 0, 34, 83, 88, 28, 119, 20, 0, 0, 41, 39, 13, 62, 119, 16, 2, 0, 0, 0, 10, 42, 9, 46, 82, 79, 64, 19, 2, 5, 10, 35, 26, 53, 84, 32, 34, 9, 119, 119, 21, 3, 3, 11, 17, 14, 119, 25, 8, 5, 0, 0, 11, 22, 23, 17, 42, 49, 17, 12, 5, 5, 12, 78, 119, 90, 27, 0, 4, 2, 48, 92, 112, 85, 15, 0, 2, 7, 50, 36, 15, 11, 1, 0, 0, 7]
9911    [25, 2, 0, 0, 0, 5, 44, 62, 6, 0, 0, 5, 27, 126, 64, 20, 90, 9, 0, 3, 7, 38, 16, 79, 20, 10, 0, 0, 0, 1, 5, 10, 39, 10, 1, 0, 12, 33, 62, 69, 14, 0, 0, 0, 52, 116, 73, 34, 126, 7, 0, 0, 19, 24, 7, 106, 71, 10, 4, 3, 0, 0, 8, 33, 14, 36, 58, 61, 70, 15, 11, 5, 18, 50, 22, 18, 48, 32, 60, 19, 126, 124, 11, 3, 4, 7, 15, 30, 126, 17, 5, 3, 0, 0, 13, 35, 17, 21, 76, 80, 24, 0, 3, 1, 4, 88, 126, 76, 15, 0, 8, 0, 52, 91, 66, 76, 11, 0, 2, 13, 63, 41, 6, 13, 1, 0, 0, 6]
17542    [56, 0, 0, 0, 0, 24, 28, 98, 7, 3, 0, 3, 70, 118, 49, 17, 118, 16, 0, 4, 16, 47, 60, 80, 27, 1, 1, 5, 8, 3, 16, 37, 38, 6, 7, 14, 19, 39, 32, 64, 8, 6, 3, 20, 44, 118, 70, 21, 118, 26, 1, 4, 8, 4, 13, 60, 113, 37, 15, 4, 1, 0, 6, 27, 8, 81, 44, 78, 40, 6, 1, 4, 14, 34, 33, 118, 45, 8, 9, 6, 118, 118, 16, 12, 1, 0, 4, 14, 118, 51, 6, 1, 0, 2, 6, 42, 2, 22, 51, 42, 8, 1, 0, 0, 4, 24, 117, 118, 5, 0, 0, 0, 23, 60, 81, 56, 7, 3, 6, 1, 17, 22, 2, 3, 2, 4, 13, 22]
9927    [17, 3, 0, 0, 4, 24, 48, 34, 7, 0, 0, 1, 39, 105, 44, 15, 126, 0, 0, 0, 6, 21, 9, 96, 28, 3, 0, 0, 0, 1, 3, 28, 42, 16, 4, 5, 26, 56, 30, 35, 7, 1, 0, 3, 59, 62, 53, 45, 126, 21, 0, 0, 19, 12, 5, 82, 86, 9, 2, 0, 0, 1, 15, 37, 3, 9, 27, 86, 118, 15, 5, 7, 15, 62, 31, 13, 13, 16, 41, 8, 126, 126, 7, 4, 2, 11, 12, 7, 112, 21, 4, 5, 1, 10, 24, 25, 22, 17, 125, 97, 23, 1, 1, 3, 5, 69, 126, 90, 2, 0, 6, 0, 65, 70, 57, 99, 13, 0, 1, 12, 62, 24, 9, 26, 11, 0, 0, 8]
select * from t3 order by L2_DISTANCE(b, "[0, 16, 35, 5, 32, 31, 14, 10, 11, 78, 55, 10, 45, 83, 11, 6, 14, 57, 102, 75, 20, 8, 3, 5, 67, 17, 19, 26, 5, 0, 1, 22, 60, 26, 7, 1, 18, 22, 84, 53, 85, 119, 119, 4, 24, 18, 7, 7, 1, 81, 106, 102, 72, 30, 6, 0, 9, 1, 9, 119, 72, 1, 4, 33, 119, 29, 6, 1, 0, 1, 14, 52, 119, 30, 3, 0, 0, 55, 92, 111, 2, 5, 4, 9, 22, 89, 96, 14, 1, 0, 1, 82, 59, 16, 20, 5, 25, 14, 11, 4, 0, 0, 1, 26, 47, 23, 4, 0, 0, 4, 38, 83, 30, 14, 9, 4, 9, 17, 23, 41, 0, 0, 2, 8, 19, 25, 23, 1]") ASC LIMIT 4;
a    b
0    [0, 16, 35, 5, 32, 31, 14, 10, 11, 78, 55, 10, 45, 83, 11, 6, 14, 57, 102, 75, 20, 8, 3, 5, 67, 17, 19, 26, 5, 0, 1, 22, 60, 26, 7, 1, 18, 22, 84, 53, 85, 119, 119, 4, 24, 18, 7, 7, 1, 81, 106, 102, 72, 30, 6, 0, 9, 1, 9, 119, 72, 1, 4, 33, 119, 29, 6, 1, 0, 1, 14, 52, 119, 30, 3, 0, 0, 55, 92, 111, 2, 5, 4, 9, 22, 89, 96, 14, 1, 0, 1, 82, 59, 16, 20, 5, 25, 14, 11, 4, 0, 0, 1, 26, 47, 23, 4, 0, 0, 4, 38, 83, 30, 14, 9, 4, 9, 17, 23, 41, 0, 0, 2, 8, 19, 25, 23, 1]
2    [0, 1, 5, 3, 44, 40, 20, 14, 10, 100, 63, 7, 44, 47, 9, 6, 7, 70, 114, 82, 11, 5, 3, 4, 30, 16, 33, 55, 5, 0, 0, 4, 104, 46, 12, 2, 8, 5, 40, 66, 85, 117, 117, 5, 7, 3, 1, 6, 0, 62, 108, 86, 51, 22, 2, 0, 7, 1, 15, 117, 95, 2, 1, 12, 117, 33, 4, 2, 0, 0, 3, 56, 117, 20, 3, 0, 0, 40, 78, 93, 0, 1, 2, 5, 24, 86, 96, 16, 0, 0, 0, 77, 75, 10, 19, 7, 22, 8, 12, 7, 0, 0, 3, 44, 35, 11, 2, 0, 0, 10, 55, 117, 17, 9, 12, 2, 1, 14, 34, 31, 0, 1, 6, 10, 12, 4, 23, 10]
6    [0, 42, 55, 4, 16, 26, 24, 10, 1, 91, 100, 12, 42, 70, 8, 0, 17, 48, 111, 73, 19, 5, 2, 2, 68, 23, 13, 15, 6, 2, 1, 27, 98, 32, 3, 1, 5, 22, 93, 48, 111, 111, 109, 4, 14, 32, 33, 24, 1, 42, 83, 108, 98, 43, 28, 1, 25, 1, 4, 83, 67, 5, 4, 48, 111, 41, 15, 2, 0, 0, 7, 55, 105, 18, 3, 0, 0, 34, 105, 111, 8, 2, 3, 13, 29, 61, 78, 17, 8, 0, 0, 48, 61, 40, 20, 7, 23, 45, 9, 1, 0, 0, 0, 9, 30, 29, 13, 11, 8, 1, 6, 57, 8, 2, 4, 19, 18, 29, 21, 64, 0, 0, 2, 18, 44, 45, 11, 2]
10336    [0, 1, 40, 48, 23, 14, 6, 3, 38, 118, 84, 36, 28, 30, 8, 3, 11, 85, 118, 66, 25, 2, 0, 0, 36, 70, 24, 26, 28, 7, 0, 1, 39, 36, 33, 36, 14, 5, 89, 58, 77, 118, 113, 27, 8, 0, 3, 18, 13, 83, 59, 118, 99, 7, 1, 1, 29, 32, 48, 73, 49, 7, 8, 22, 114, 10, 19, 0, 0, 3, 20, 56, 118, 34, 5, 0, 0, 3, 50, 117, 10, 14, 17, 25, 47, 56, 78, 24, 8, 7, 64, 56, 40, 15, 17, 13, 43, 14, 3, 3, 0, 1, 7, 20, 98, 20, 5, 0, 0, 3, 16, 92, 10, 8, 11, 11, 9, 22, 29, 19, 13, 9, 10, 10, 15, 17, 30, 22]
select * from t3 order by L2_DISTANCE(b, "[59, 0, 0, 1, 1, 1, 5, 100, 41, 0, 0, 4, 57, 34, 31, 115, 4, 0, 0, 12, 30, 33, 43, 85, 21, 0, 0, 14, 25, 9, 10, 60, 99, 11, 0, 0, 0, 0, 10, 55, 68, 1, 0, 3, 115, 65, 42, 115, 32, 3, 0, 4, 13, 21, 104, 115, 81, 15, 15, 23, 9, 2, 21, 75, 43, 20, 1, 0, 10, 2, 2, 20, 52, 35, 32, 61, 79, 8, 7, 41, 50, 106, 96, 20, 8, 2, 11, 39, 115, 48, 53, 11, 3, 0, 2, 43, 35, 11, 0, 1, 13, 7, 0, 1, 115, 58, 54, 29, 1, 2, 0, 3, 32, 115, 99, 34, 1, 0, 0, 0, 35, 15, 52, 44, 9, 0, 0, 18]") ASC LIMIT 4;
a    b
10000    [59, 0, 0, 1, 1, 1, 5, 100, 41, 0, 0, 4, 57, 34, 31, 115, 4, 0, 0, 12, 30, 33, 43, 85, 21, 0, 0, 14, 25, 9, 10, 60, 99, 11, 0, 0, 0, 0, 10, 55, 68, 1, 0, 3, 115, 65, 42, 115, 32, 3, 0, 4, 13, 21, 104, 115, 81, 15, 15, 23, 9, 2, 21, 75, 43, 20, 1, 0, 10, 2, 2, 20, 52, 35, 32, 61, 79, 8, 7, 41, 50, 106, 96, 20, 8, 2, 11, 39, 115, 48, 53, 11, 3, 0, 2, 43, 35, 11, 0, 1, 13, 7, 0, 1, 115, 58, 54, 29, 1, 2, 0, 3, 32, 115, 99, 34, 1, 0, 0, 0, 35, 15, 52, 44, 9, 0, 0, 18]
10788    [82, 0, 0, 0, 0, 0, 20, 51, 108, 0, 0, 0, 64, 54, 21, 60, 33, 0, 0, 0, 21, 29, 33, 114, 0, 0, 0, 0, 46, 18, 17, 13, 114, 8, 0, 1, 1, 0, 6, 29, 114, 0, 0, 0, 114, 114, 27, 56, 72, 0, 0, 0, 25, 36, 75, 114, 21, 1, 2, 9, 28, 28, 58, 80, 51, 13, 2, 1, 11, 6, 4, 18, 49, 20, 10, 36, 114, 64, 13, 19, 58, 62, 38, 6, 13, 7, 18, 48, 111, 24, 39, 5, 1, 5, 17, 41, 47, 24, 1, 1, 9, 6, 0, 1, 47, 73, 50, 88, 9, 0, 0, 0, 7, 114, 112, 21, 0, 0, 0, 0, 39, 22, 95, 25, 0, 0, 0, 0]
12438    [87, 8, 0, 24, 43, 3, 0, 32, 55, 3, 0, 2, 68, 21, 38, 87, 39, 0, 0, 6, 13, 12, 45, 108, 12, 0, 3, 24, 49, 13, 4, 22, 86, 11, 0, 10, 47, 18, 5, 49, 42, 2, 2, 17, 113, 42, 46, 90, 91, 14, 7, 5, 0, 18, 113, 113, 69, 3, 1, 17, 56, 34, 18, 72, 72, 10, 12, 14, 43, 13, 0, 39, 57, 32, 37, 113, 89, 9, 4, 23, 63, 113, 113, 27, 13, 7, 14, 11, 45, 22, 19, 22, 31, 23, 23, 23, 58, 32, 11, 5, 2, 0, 0, 14, 55, 89, 69, 76, 6, 0, 0, 0, 35, 91, 58, 31, 43, 20, 33, 7, 0, 0, 4, 34, 62, 9, 7, 5]
14486    [37, 0, 0, 0, 1, 20, 19, 31, 65, 0, 0, 0, 47, 83, 38, 66, 50, 1, 0, 0, 10, 69, 55, 72, 0, 0, 1, 13, 35, 37, 14, 12, 113, 2, 0, 0, 24, 17, 12, 19, 68, 2, 0, 9, 127, 72, 23, 77, 37, 11, 3, 1, 9, 46, 111, 127, 29, 9, 4, 5, 8, 15, 35, 68, 127, 20, 0, 3, 32, 2, 0, 2, 63, 26, 29, 91, 127, 3, 1, 7, 70, 127, 49, 35, 24, 0, 4, 24, 67, 28, 16, 28, 26, 2, 3, 11, 79, 33, 0, 0, 11, 4, 0, 0, 50, 66, 33, 27, 67, 16, 0, 1, 17, 127, 82, 59, 23, 0, 0, 0, 11, 17, 18, 51, 28, 0, 0, 0]
select * from t3 order by L2_DISTANCE(b, "[0, 0, 0, 0, 0, 101, 82, 4, 2, 0, 0, 0, 3, 133, 133, 8, 46, 1, 2, 13, 15, 29, 87, 50, 22, 1, 0, 16, 25, 6, 18, 49, 5, 2, 0, 2, 3, 59, 70, 19, 18, 2, 0, 11, 42, 37, 30, 13, 133, 13, 4, 53, 28, 3, 8, 42, 77, 6, 11, 103, 36, 0, 0, 32, 7, 15, 59, 27, 2, 0, 2, 5, 14, 5, 55, 52, 51, 3, 2, 5, 133, 21, 10, 38, 26, 1, 0, 64, 71, 3, 10, 118, 53, 5, 6, 28, 33, 26, 73, 15, 0, 0, 0, 22, 13, 15, 133, 133, 4, 0, 0, 15, 107, 62, 46, 91, 9, 1, 7, 16, 28, 4, 0, 27, 33, 4, 15, 25]") ASC LIMIT 4;
a    b
19999    [0, 0, 0, 0, 0, 101, 82, 4, 2, 0, 0, 0, 3, 133, 133, 8, 46, 1, 2, 13, 15, 29, 87, 50, 22, 1, 0, 16, 25, 6, 18, 49, 5, 2, 0, 2, 3, 59, 70, 19, 18, 2, 0, 11, 42, 37, 30, 13, 133, 13, 4, 53, 28, 3, 8, 42, 77, 6, 11, 103, 36, 0, 0, 32, 7, 15, 59, 27, 2, 0, 2, 5, 14, 5, 55, 52, 51, 3, 2, 5, 133, 21, 10, 38, 26, 1, 0, 64, 71, 3, 10, 118, 53, 5, 6, 28, 33, 26, 73, 15, 0, 0, 0, 22, 13, 15, 133, 133, 4, 0, 0, 15, 107, 62, 46, 91, 9, 1, 7, 16, 28, 4, 0, 27, 33, 4, 15, 25]
10423    [0, 0, 0, 1, 22, 63, 63, 0, 13, 0, 0, 2, 41, 40, 41, 91, 51, 11, 5, 1, 32, 33, 23, 76, 60, 1, 1, 0, 29, 14, 9, 49, 0, 2, 14, 5, 11, 35, 64, 3, 22, 3, 10, 0, 1, 12, 47, 24, 131, 45, 35, 23, 0, 2, 13, 29, 74, 14, 34, 48, 4, 1, 5, 28, 0, 10, 131, 63, 6, 0, 0, 0, 18, 7, 131, 93, 0, 0, 0, 0, 131, 35, 29, 47, 0, 0, 0, 15, 78, 18, 25, 128, 30, 0, 0, 8, 10, 13, 87, 45, 1, 0, 0, 0, 6, 6, 131, 131, 0, 0, 0, 0, 131, 51, 63, 96, 1, 0, 0, 7, 57, 6, 0, 40, 42, 1, 1, 5]
2638    [0, 0, 0, 14, 24, 78, 53, 31, 5, 1, 0, 12, 32, 108, 88, 26, 11, 1, 1, 8, 32, 40, 115, 76, 50, 0, 3, 13, 35, 41, 14, 106, 5, 0, 0, 9, 11, 59, 76, 65, 6, 0, 0, 20, 85, 112, 49, 19, 115, 11, 5, 13, 18, 9, 40, 76, 72, 19, 56, 73, 6, 4, 2, 50, 39, 27, 17, 49, 14, 1, 3, 21, 10, 8, 70, 115, 31, 5, 1, 1, 115, 45, 26, 70, 10, 0, 0, 16, 87, 64, 25, 28, 0, 0, 0, 2, 58, 32, 11, 8, 7, 0, 0, 8, 30, 19, 107, 91, 2, 0, 0, 15, 61, 64, 81, 101, 3, 0, 0, 0, 38, 38, 5, 6, 7, 3, 5, 4]
14105    [0, 0, 0, 0, 0, 20, 62, 33, 2, 0, 0, 0, 0, 67, 85, 36, 16, 2, 3, 1, 0, 5, 70, 77, 2, 0, 2, 3, 0, 15, 47, 13, 2, 5, 7, 6, 5, 37, 93, 39, 44, 6, 10, 10, 5, 65, 121, 52, 129, 35, 30, 29, 2, 2, 22, 85, 40, 10, 24, 82, 22, 0, 8, 12, 8, 53, 72, 45, 2, 2, 0, 2, 37, 54, 129, 88, 4, 3, 3, 4, 129, 26, 38, 41, 3, 0, 0, 69, 83, 8, 8, 99, 46, 0, 0, 14, 31, 34, 32, 29, 0, 0, 0, 8, 68, 60, 79, 98, 1, 0, 0, 4, 126, 30, 44, 129, 5, 0, 0, 10, 77, 20, 15, 31, 7, 0, 0, 4]
drop table t3;
drop database hnsw_cdc;
